student-775,89,87,94,97,100.0,Mon Jul 04 00:00:00 IST 1983
student-945,85,88,93,98,99.18256,Mon Jun 10 00:00:00 IST 1996
student-119,82,88,98,89,97.2752,Tue Jun 04 00:00:00 IST 1974
student-262,91,71,87,98,94.55041,Mon Dec 09 00:00:00 IST 1996
student-169,86,94,68,98,94.27793,Fri Sep 07 00:00:00 IST 1973
student-544,62,99,76,97,91.00817,Sat Sep 04 00:00:00 IST 1965
student-319,95,77,74,85,90.190735,Mon Apr 09 00:00:00 IST 1962
student-859,60,97,95,78,89.91826,Sun Dec 07 00:00:00 IST 2003
student-328,82,90,89,68,89.64578,Sat Apr 02 00:00:00 IST 2011
student-625,68,77,92,91,89.3733,Wed Oct 02 00:00:00 IST 1996
student-401,98,98,70,62,89.3733,Sun Oct 08 00:00:00 IST 2000
student-424,90,72,93,71,88.82834,Fri Jan 09 00:00:00 IST 1976
student-87,99,60,91,74,88.28338,Thu Sep 03 00:00:00 IST 1964
student-330,86,92,45,99,87.73842,Fri Sep 01 00:00:00 IST 1989
student-844,91,91,84,56,87.73842,Sat Jul 11 00:00:00 IST 1992
student-367,92,99,91,39,87.46594,Sat Apr 08 00:00:00 IST 2006
student-32,82,82,89,67,87.19346,Sun Apr 02 00:00:00 IST 1995
student-884,93,91,81,53,86.6485,Tue Aug 10 00:00:00 IST 1965
student-553,91,80,89,58,86.6485,Mon Oct 04 00:00:00 IST 1982
student-56,92,72,70,84,86.6485,Sun Apr 05 00:00:00 IST 1987
student-130,92,49,90,86,86.37602,Wed Apr 03 00:00:00 IST 1985
student-827,83,89,78,66,86.10354,Sat Sep 10 00:00:00 IST 1988
student-188,75,87,63,90,85.83106,Tue Jan 04 00:00:00 IST 1972
student-205,77,83,83,72,85.83106,Sun May 06 00:00:00 IST 1990
student-821,79,78,96,61,85.55858,Sun Feb 04 00:00:00 IST 1973
student-517,72,54,89,96,84.74114,Thu Dec 01 00:00:00 IST 1983
student-211,57,94,67,93,84.74114,Mon Jul 07 00:00:00 IST 1986
student-797,94,94,43,78,84.19618,Wed Mar 03 00:00:00 IST 1965
student-784,84,99,90,34,83.65123,Wed Aug 10 00:00:00 IST 1966
student-258,80,94,38,95,83.65123,Sat Feb 05 00:00:00 IST 1972
student-631,80,58,77,92,83.65123,Wed Aug 07 00:00:00 IST 1974
student-344,99,89,60,58,83.378746,Mon Aug 07 00:00:00 IST 1961
student-376,89,94,35,88,83.378746,Tue Dec 08 00:00:00 IST 1964
student-564,67,70,76,93,83.378746,Fri Oct 07 00:00:00 IST 1994
student-624,82,85,83,55,83.10627,Sat Aug 10 00:00:00 IST 1963
student-667,89,73,81,62,83.10627,Thu Feb 09 00:00:00 IST 1984
student-887,87,62,71,84,82.833786,Mon Aug 12 00:00:00 IST 1985
student-352,40,73,92,99,82.833786,Thu Jun 04 00:00:00 IST 1992
student-288,93,38,86,87,82.833786,Sat Jun 10 00:00:00 IST 2006
student-47,70,69,94,69,82.288826,Sat Feb 10 00:00:00 IST 1990
student-177,96,81,66,59,82.288826,Mon Jan 12 00:00:00 IST 2004
student-79,62,80,92,68,82.288826,Sun Oct 03 00:00:00 IST 2004
student-663,76,36,96,93,82.01635,Mon Mar 02 00:00:00 IST 2009
student-474,36,98,87,79,81.74387,Mon Jul 07 00:00:00 IST 1986
student-928,76,67,86,71,81.74387,Tue Sep 08 00:00:00 IST 1987
student-493,91,93,50,64,81.19891,Tue Sep 07 00:00:00 IST 2004
student-348,47,65,94,91,80.92643,Tue Apr 09 00:00:00 IST 1963
student-133,99,82,44,72,80.92643,Sat May 01 00:00:00 IST 1976
student-913,45,95,88,68,80.65395,Thu Jul 03 00:00:00 IST 1980
student-146,95,70,38,93,80.65395,Wed Apr 04 00:00:00 IST 1990
student-439,83,43,88,82,80.65395,Fri Oct 12 00:00:00 IST 2007
student-337,81,51,98,65,80.38147,Sun Jan 05 00:00:00 IST 1969
student-158,71,99,85,40,80.38147,Tue Jan 12 00:00:00 IST 1971
student-814,88,51,76,80,80.38147,Sun Feb 08 00:00:00 IST 1987
student-681,92,59,50,94,80.38147,Sun Oct 09 00:00:00 IST 2005
student-378,78,97,62,57,80.10899,Fri Apr 04 00:00:00 IST 1980
student-231,96,59,41,98,80.10899,Mon Jul 12 00:00:00 IST 1993
student-902,96,62,90,45,79.83651,Fri Feb 11 00:00:00 IST 1983
student-163,76,74,76,66,79.56403,Sun Jan 05 00:00:00 IST 1969
student-683,70,49,76,97,79.56403,Thu Aug 05 00:00:00 IST 1982
student-373,97,57,90,48,79.56403,Sun Apr 06 00:00:00 IST 2008
student-484,64,58,98,71,79.29155,Fri Mar 10 00:00:00 IST 1989
student-329,90,87,85,29,79.29155,Wed Oct 05 00:00:00 IST 2005
student-706,81,20,90,99,79.01907,Sat Mar 01 00:00:00 IST 1980
student-849,24,99,82,85,79.01907,Tue Oct 11 00:00:00 IST 1994
student-65,74,69,67,80,79.01907,Sat Mar 06 00:00:00 IST 2004
student-727,33,81,85,90,78.74659,Fri Oct 05 00:00:00 IST 1984
student-60,92,70,29,98,78.74659,Fri Sep 10 00:00:00 IST 2004
student-196,32,97,72,87,78.47411,Thu Jun 09 00:00:00 IST 1983
student-616,82,40,79,86,78.20164,Sun Mar 03 00:00:00 IST 1963
student-156,76,60,52,99,78.20164,Thu Apr 08 00:00:00 IST 1976
student-691,78,69,89,51,78.20164,Tue Nov 08 00:00:00 IST 1977
student-589,66,76,98,46,77.92915,Sat Jan 02 00:00:00 IST 1965
student-533,90,69,51,76,77.92915,Wed Oct 01 00:00:00 IST 1969
student-208,53,70,75,88,77.92915,Wed Jan 08 00:00:00 IST 1997
student-289,31,77,98,80,77.92915,Tue Feb 08 00:00:00 IST 2005
student-799,85,68,94,39,77.92915,Mon Aug 07 00:00:00 IST 2006
student-655,69,66,68,82,77.65668,Wed Nov 09 00:00:00 IST 1988
student-142,77,89,87,31,77.3842,Tue Jun 10 00:00:00 IST 1975
student-593,78,34,85,86,77.11172,Sun Dec 09 00:00:00 IST 1973
student-536,52,77,75,79,77.11172,Sun Apr 11 00:00:00 IST 1982
student-30,76,37,93,76,76.83924,Wed Jul 10 00:00:00 IST 1985
student-520,44,99,51,88,76.83924,Thu May 08 00:00:00 IST 1997
student-456,61,55,99,67,76.83924,Wed Mar 09 00:00:00 IST 2011
student-632,70,42,78,91,76.56676,Wed Apr 12 00:00:00 IST 1961
student-647,79,26,87,89,76.56676,Wed Nov 11 00:00:00 IST 1970
student-962,54,70,87,70,76.56676,Fri Apr 02 00:00:00 IST 1999
student-900,95,35,90,61,76.56676,Fri Mar 02 00:00:00 IST 2001
student-336,77,44,81,78,76.29428,Fri Oct 02 00:00:00 IST 1987
student-166,50,98,47,85,76.29428,Sun May 08 00:00:00 IST 1994
student-622,53,84,74,69,76.29428,Tue Sep 02 00:00:00 IST 1997
student-53,44,85,80,71,76.29428,Thu Jan 06 00:00:00 IST 2005
student-176,42,97,93,48,76.29428,Sat Jul 09 00:00:00 IST 2005
student-453,77,55,98,49,76.0218,Mon Feb 12 00:00:00 IST 1979
student-126,91,89,66,33,76.0218,Wed May 09 00:00:00 IST 2001
student-488,80,92,73,32,75.47684,Fri Jun 08 00:00:00 IST 1962
student-916,86,64,31,96,75.47684,Fri Jun 08 00:00:00 IST 1984
student-769,84,31,71,91,75.47684,Tue Sep 08 00:00:00 IST 1987
student-742,37,73,95,72,75.47684,Sun Jul 04 00:00:00 IST 1993
student-508,74,91,61,51,75.47684,Sun Feb 11 00:00:00 IST 2001
student-783,90,94,59,34,75.47684,Mon Oct 01 00:00:00 IST 2007
student-302,74,76,29,97,75.20436,Tue Jun 12 00:00:00 IST 1962
student-416,69,87,65,55,75.20436,Sun Jul 04 00:00:00 IST 2004
student-124,48,86,83,59,75.20436,Wed Sep 07 00:00:00 IST 2005
student-526,75,52,60,88,74.93188,Thu Jan 11 00:00:00 IST 1962
student-479,73,50,67,85,74.93188,Fri Mar 06 00:00:00 IST 1970
student-759,86,40,59,90,74.93188,Sat Mar 11 00:00:00 IST 1978
student-34,43,65,82,85,74.93188,Tue Feb 07 00:00:00 IST 2006
student-703,91,15,80,89,74.93188,Sat Jul 03 00:00:00 IST 2010
student-332,70,73,48,82,74.38692,Tue Oct 12 00:00:00 IST 1982
student-522,78,58,61,76,74.38692,Thu Feb 07 00:00:00 IST 1991
student-678,77,76,66,54,74.38692,Sat Apr 01 00:00:00 IST 2006
student-642,75,54,98,45,74.11444,Sat Jan 06 00:00:00 IST 1968
student-459,90,72,86,24,74.11444,Mon Feb 05 00:00:00 IST 2001
student-890,93,46,93,39,73.84196,Sat Apr 08 00:00:00 IST 1961
student-365,37,74,76,84,73.84196,Fri Sep 12 00:00:00 IST 1969
student-743,84,93,16,78,73.84196,Sat Jan 08 00:00:00 IST 1983
student-299,40,43,90,98,73.84196,Sat Jun 11 00:00:00 IST 1994
student-635,14,83,80,94,73.84196,Tue Jun 09 00:00:00 IST 2009
student-6,92,65,52,61,73.56948,Fri Feb 09 00:00:00 IST 1973
student-57,87,81,52,50,73.56948,Wed Feb 06 00:00:00 IST 1991
student-986,20,93,72,85,73.56948,Wed Sep 10 00:00:00 IST 1997
student-682,66,62,59,83,73.56948,Sun Apr 09 00:00:00 IST 2000
student-425,92,17,78,83,73.56948,Wed Mar 07 00:00:00 IST 2001
student-609,56,83,82,49,73.56948,Sat Mar 11 00:00:00 IST 2006
student-447,70,76,32,91,73.297,Fri Mar 10 00:00:00 IST 1961
student-935,72,85,55,57,73.297,Wed Sep 05 00:00:00 IST 1973
student-341,96,30,98,45,73.297,Sat May 05 00:00:00 IST 1990
student-671,82,59,96,32,73.297,Mon Apr 01 00:00:00 IST 1991
student-42,30,83,58,98,73.297,Mon May 08 00:00:00 IST 2000
student-346,83,82,32,72,73.297,Sat Dec 02 00:00:00 IST 2006
student-707,31,50,88,99,73.02452,Thu Apr 04 00:00:00 IST 1968
student-271,29,78,66,95,73.02452,Sun Sep 10 00:00:00 IST 1989
student-172,56,88,84,40,73.02452,Sun Feb 04 00:00:00 IST 1990
student-730,63,56,70,77,72.47956,Tue May 12 00:00:00 IST 1970
student-327,70,61,78,57,72.47956,Sat Feb 09 00:00:00 IST 1974
student-473,89,82,92,3,72.47956,Tue Feb 01 00:00:00 IST 1983
student-143,58,77,37,93,72.207085,Sat Jan 04 00:00:00 IST 1975
student-315,70,99,64,32,72.207085,Sun Aug 06 00:00:00 IST 1989
student-307,96,34,52,83,72.207085,Mon May 03 00:00:00 IST 1993
student-932,65,98,90,12,72.207085,Tue Mar 09 00:00:00 IST 2010
student-95,53,70,57,84,71.9346,Wed Apr 12 00:00:00 IST 1967
student-100,70,49,82,63,71.9346,Mon Apr 09 00:00:00 IST 1979
student-63,97,37,64,66,71.9346,Tue Aug 11 00:00:00 IST 1981
student-566,42,96,90,36,71.9346,Sat Oct 10 00:00:00 IST 1981
student-219,68,54,89,53,71.9346,Mon Jun 09 00:00:00 IST 2003
student-45,94,15,59,95,71.662125,Mon Jan 03 00:00:00 IST 1966
student-583,25,70,69,99,71.662125,Wed Jun 04 00:00:00 IST 1969
student-684,75,94,89,5,71.662125,Fri Jan 03 00:00:00 IST 1986
student-926,50,45,91,77,71.662125,Tue Jan 03 00:00:00 IST 2006
student-29,11,69,95,87,71.38965,Sun Sep 10 00:00:00 IST 1961
student-427,75,53,88,46,71.38965,Fri Jan 01 00:00:00 IST 1982
student-322,92,88,34,47,71.11717,Fri Apr 09 00:00:00 IST 1971
student-741,54,88,58,61,71.11717,Fri Dec 03 00:00:00 IST 1976
student-699,85,16,85,75,71.11717,Sun Apr 10 00:00:00 IST 1983
student-702,59,78,25,99,71.11717,Tue Feb 03 00:00:00 IST 1998
student-813,95,69,15,81,70.84469,Mon Feb 03 00:00:00 IST 1969
student-257,99,24,43,94,70.84469,Mon May 11 00:00:00 IST 1981
student-446,53,32,90,85,70.84469,Wed Jan 01 00:00:00 IST 2003
student-97,48,87,58,67,70.84469,Thu Sep 09 00:00:00 IST 2010
student-980,82,34,58,85,70.57221,Mon Jan 03 00:00:00 IST 1972
student-931,78,53,54,74,70.57221,Fri Nov 10 00:00:00 IST 1972
student-881,76,95,80,8,70.57221,Tue Jan 08 00:00:00 IST 1980
student-908,73,19,96,71,70.57221,Tue Nov 10 00:00:00 IST 1981
student-115,79,30,75,75,70.57221,Fri Feb 03 00:00:00 IST 2006
student-347,89,74,27,69,70.57221,Fri May 02 00:00:00 IST 2008
student-369,35,90,41,92,70.29973,Sun Sep 10 00:00:00 IST 1967
student-431,14,59,87,98,70.29973,Wed Jun 06 00:00:00 IST 1973
student-921,85,1,73,99,70.29973,Fri May 11 00:00:00 IST 1979
student-2,77,83,79,19,70.29973,Thu Apr 12 00:00:00 IST 1984
student-279,96,60,75,26,70.02725,Mon Dec 10 00:00:00 IST 1962
student-96,56,75,58,68,70.02725,Wed Jul 01 00:00:00 IST 1964
student-389,88,80,45,44,70.02725,Sun Mar 02 00:00:00 IST 1980
student-848,90,3,75,89,70.02725,Thu Dec 10 00:00:00 IST 1981
student-732,96,44,27,90,70.02725,Sun Oct 01 00:00:00 IST 1989
student-324,60,87,91,19,70.02725,Sat Jun 07 00:00:00 IST 1997
student-72,52,90,61,53,69.75477,Wed Jul 01 00:00:00 IST 1964
student-325,74,89,86,7,69.75477,Mon Dec 01 00:00:00 IST 1969
student-766,98,7,64,87,69.75477,Thu Jun 02 00:00:00 IST 1988
student-134,77,23,68,88,69.75477,Wed Apr 08 00:00:00 IST 1998
student-94,86,62,23,85,69.75477,Thu Dec 04 00:00:00 IST 2003
student-230,37,66,59,94,69.75477,Wed May 10 00:00:00 IST 2006
student-496,72,10,94,79,69.48229,Sun May 01 00:00:00 IST 1977
student-410,85,30,92,48,69.48229,Thu Jan 10 00:00:00 IST 1980
student-677,64,96,15,80,69.48229,Sun Mar 07 00:00:00 IST 1982
student-563,13,85,87,70,69.48229,Tue Jun 06 00:00:00 IST 1995
student-728,28,95,50,82,69.48229,Sun Dec 10 00:00:00 IST 1995
student-637,92,80,53,30,69.48229,Mon Mar 12 00:00:00 IST 2001
student-557,93,97,27,38,69.48229,Wed Mar 06 00:00:00 IST 2002
student-688,8,92,65,90,69.48229,Sat May 08 00:00:00 IST 2004
student-8,84,83,55,33,69.48229,Tue Sep 05 00:00:00 IST 2006
student-960,41,33,96,84,69.20981,Wed Dec 07 00:00:00 IST 1960
student-542,24,87,52,91,69.20981,Mon Dec 04 00:00:00 IST 1967
student-84,14,89,67,84,69.20981,Wed Dec 03 00:00:00 IST 1986
student-895,28,90,72,63,68.93733,Thu Jul 01 00:00:00 IST 1971
student-101,93,40,61,59,68.93733,Wed May 09 00:00:00 IST 1979
student-9,65,83,35,70,68.93733,Sat Jul 01 00:00:00 IST 2000
student-653,73,66,65,49,68.93733,Tue Jun 06 00:00:00 IST 2006
student-668,99,91,40,22,68.66485,Fri Jun 03 00:00:00 IST 1977
student-679,73,52,75,52,68.66485,Tue Jun 05 00:00:00 IST 1979
student-930,37,89,65,61,68.66485,Sun Aug 12 00:00:00 IST 1984
student-867,89,88,72,3,68.66485,Thu Jan 04 00:00:00 IST 1990
student-16,75,53,71,53,68.66485,Wed Mar 04 00:00:00 IST 1998
student-714,60,51,43,98,68.66485,Tue Jul 03 00:00:00 IST 2001
student-15,66,79,91,16,68.66485,Mon May 12 00:00:00 IST 2008
student-658,88,61,42,60,68.39237,Tue Dec 04 00:00:00 IST 1973
student-815,48,98,70,35,68.39237,Sat Feb 02 00:00:00 IST 1974
student-513,31,93,92,35,68.39237,Sun Dec 11 00:00:00 IST 1983
student-833,96,80,74,1,68.39237,Thu Aug 02 00:00:00 IST 1990
student-845,58,64,82,47,68.39237,Thu Nov 10 00:00:00 IST 2005
student-920,31,76,77,66,68.11989,Sun Jan 07 00:00:00 IST 1962
student-222,78,41,75,56,68.11989,Tue Nov 03 00:00:00 IST 1970
student-877,28,41,85,96,68.11989,Thu Feb 12 00:00:00 IST 1976
student-755,44,96,16,94,68.11989,Thu Mar 03 00:00:00 IST 1977
student-626,0,96,79,75,68.11989,Mon Apr 01 00:00:00 IST 1996
student-507,78,60,47,64,67.84741,Sun Sep 04 00:00:00 IST 1960
student-552,92,56,33,68,67.84741,Sun Jan 01 00:00:00 IST 1967
student-974,32,51,95,71,67.84741,Tue Jun 06 00:00:00 IST 1978
student-482,93,59,20,77,67.84741,Fri Jun 06 00:00:00 IST 1980
student-189,76,79,64,30,67.84741,Wed Nov 02 00:00:00 IST 1994
student-192,50,35,74,90,67.84741,Sat Apr 07 00:00:00 IST 2007
student-443,89,47,26,86,67.57493,Fri Mar 04 00:00:00 IST 1966
student-441,74,73,53,48,67.57493,Mon Aug 03 00:00:00 IST 1998
student-317,81,30,39,98,67.57493,Tue Nov 10 00:00:00 IST 1998
student-789,62,30,92,64,67.57493,Tue Jul 07 00:00:00 IST 2009
student-343,44,38,68,98,67.57493,Fri Apr 01 00:00:00 IST 2011
student-113,59,5,93,90,67.30245,Tue Jan 11 00:00:00 IST 1966
student-398,83,87,12,65,67.30245,Fri Nov 11 00:00:00 IST 1977
student-612,62,35,91,59,67.30245,Mon Feb 12 00:00:00 IST 1979
student-73,52,40,73,82,67.30245,Fri Mar 06 00:00:00 IST 1987
student-882,75,33,90,49,67.30245,Thu Jun 10 00:00:00 IST 2010
student-218,86,17,61,83,67.30245,Fri Mar 04 00:00:00 IST 2011
student-967,82,28,96,40,67.02997,Tue May 09 00:00:00 IST 1972
student-694,62,42,44,98,67.02997,Thu Sep 12 00:00:00 IST 1974
student-643,46,51,97,52,67.02997,Sun Dec 07 00:00:00 IST 1980
student-452,57,68,55,66,67.02997,Sat Apr 11 00:00:00 IST 1987
student-595,40,67,92,47,67.02997,Mon Jul 08 00:00:00 IST 2002
student-500,42,31,84,89,67.02997,Mon Jan 07 00:00:00 IST 2008
student-461,30,93,96,26,66.75749,Wed Sep 12 00:00:00 IST 1962
student-623,67,94,40,44,66.75749,Sun Nov 03 00:00:00 IST 1963
student-444,42,81,84,38,66.75749,Thu Dec 12 00:00:00 IST 1963
student-656,67,98,77,3,66.75749,Sun Jul 05 00:00:00 IST 1987
student-253,91,87,29,38,66.75749,Sat Apr 03 00:00:00 IST 1999
student-66,72,67,33,72,66.48501,Wed Apr 05 00:00:00 IST 1967
student-41,87,5,68,84,66.48501,Fri Nov 08 00:00:00 IST 1968
student-417,82,13,80,69,66.48501,Tue May 10 00:00:00 IST 1983
student-216,41,96,64,43,66.48501,Tue Jun 04 00:00:00 IST 1985
student-24,47,46,96,55,66.48501,Fri Apr 12 00:00:00 IST 1991
student-710,80,99,29,36,66.48501,Mon Apr 12 00:00:00 IST 2004
student-350,59,86,80,18,66.21253,Fri Jan 04 00:00:00 IST 1963
student-18,29,69,94,51,66.21253,Wed Oct 08 00:00:00 IST 1986
student-62,80,82,72,9,66.21253,Thu Feb 04 00:00:00 IST 1988
student-590,26,98,22,97,66.21253,Fri Nov 11 00:00:00 IST 1988
student-554,58,17,96,72,66.21253,Tue Jul 10 00:00:00 IST 2001
student-788,79,49,25,90,66.21253,Sun Apr 09 00:00:00 IST 2006
student-286,97,55,13,78,66.21253,Mon Sep 08 00:00:00 IST 2008
student-878,93,25,74,51,66.21253,Wed Dec 02 00:00:00 IST 2009
student-55,47,37,81,77,65.940056,Mon Sep 11 00:00:00 IST 1967
student-805,46,95,74,27,65.940056,Thu Jul 02 00:00:00 IST 1981
student-449,36,71,91,44,65.940056,Mon Nov 10 00:00:00 IST 1997
student-528,87,59,0,95,65.66757,Sat Sep 07 00:00:00 IST 1963
student-285,53,25,70,93,65.66757,Tue Dec 01 00:00:00 IST 1981
student-259,52,90,80,19,65.66757,Tue Mar 12 00:00:00 IST 1991
student-989,92,34,63,52,65.66757,Tue Jul 02 00:00:00 IST 1996
student-999,85,46,75,35,65.66757,Wed Mar 04 00:00:00 IST 1998
student-847,38,72,63,68,65.66757,Fri Aug 06 00:00:00 IST 2004
student-462,44,75,98,23,65.395096,Sun Mar 02 00:00:00 IST 1980
student-512,53,91,16,80,65.395096,Mon Sep 12 00:00:00 IST 1988
student-147,62,34,68,76,65.395096,Fri Nov 04 00:00:00 IST 1988
student-80,71,94,6,68,65.12262,Mon Apr 09 00:00:00 IST 1979
student-460,91,60,31,57,65.12262,Sat Feb 05 00:00:00 IST 1983
student-804,66,25,74,74,65.12262,Fri Apr 06 00:00:00 IST 1984
student-407,75,75,34,55,65.12262,Tue Oct 09 00:00:00 IST 1990
student-718,77,98,22,42,65.12262,Fri Jul 11 00:00:00 IST 1997
student-963,93,85,5,56,65.12262,Sun Nov 09 00:00:00 IST 1997
student-835,19,87,81,51,64.850136,Sun Jul 12 00:00:00 IST 1970
student-509,29,56,86,67,64.850136,Fri Feb 07 00:00:00 IST 1975
student-886,1,95,73,69,64.850136,Wed Jul 05 00:00:00 IST 1995
student-58,73,69,58,38,64.850136,Sat May 12 00:00:00 IST 2001
student-93,76,22,84,56,64.850136,Fri Jul 04 00:00:00 IST 2003
student-368,62,49,85,42,64.850136,Fri May 11 00:00:00 IST 2007
student-511,71,40,78,48,64.57766,Tue Mar 11 00:00:00 IST 1980
student-178,70,79,82,6,64.57766,Thu May 02 00:00:00 IST 1985
student-997,7,94,76,60,64.57766,Fri Jul 01 00:00:00 IST 1994
student-81,47,58,37,94,64.305176,Wed Jan 11 00:00:00 IST 1967
student-394,99,46,68,23,64.305176,Tue Jul 03 00:00:00 IST 1973
student-722,91,86,21,38,64.305176,Wed Nov 10 00:00:00 IST 2004
student-559,49,93,9,84,64.0327,Thu Jul 10 00:00:00 IST 1980
student-475,65,35,75,60,64.0327,Sun Jun 12 00:00:00 IST 1983
student-204,92,36,93,14,64.0327,Sat Apr 01 00:00:00 IST 1989
student-491,83,21,89,42,64.0327,Thu Mar 12 00:00:00 IST 1992
student-165,94,78,13,50,64.0327,Thu Oct 06 00:00:00 IST 1994
student-889,97,91,33,13,63.760216,Mon Oct 01 00:00:00 IST 1962
student-137,57,86,74,17,63.760216,Tue Apr 07 00:00:00 IST 1964
student-435,47,21,92,74,63.760216,Sat Aug 12 00:00:00 IST 1978
student-168,96,79,14,45,63.760216,Fri Sep 10 00:00:00 IST 1982
student-852,23,72,77,62,63.760216,Wed Nov 09 00:00:00 IST 1983
student-340,83,41,26,84,63.760216,Sun Nov 05 00:00:00 IST 2006
student-627,93,26,85,29,63.48774,Mon Dec 07 00:00:00 IST 1981
student-843,68,46,88,31,63.48774,Sat Sep 06 00:00:00 IST 1986
student-403,71,42,78,42,63.48774,Tue Apr 11 00:00:00 IST 1995
student-131,69,21,62,81,63.48774,Mon Feb 04 00:00:00 IST 2002
student-866,99,2,56,75,63.215263,Tue Oct 08 00:00:00 IST 1968
student-523,43,81,49,59,63.215263,Thu Feb 01 00:00:00 IST 1979
student-601,57,28,74,73,63.215263,Sun Apr 11 00:00:00 IST 1999
student-772,60,19,83,70,63.215263,Sat Oct 02 00:00:00 IST 1999
student-17,56,5,95,76,63.215263,Thu Mar 09 00:00:00 IST 2006
student-874,87,97,25,22,62.94278,Thu Dec 06 00:00:00 IST 1973
student-442,90,61,11,69,62.94278,Sun Nov 08 00:00:00 IST 1998
student-582,22,79,71,59,62.94278,Sun Jan 11 00:00:00 IST 2004
student-816,15,77,93,46,62.94278,Sat Aug 02 00:00:00 IST 2008
student-898,87,6,51,86,62.670303,Mon May 12 00:00:00 IST 1969
student-112,68,31,68,63,62.670303,Sat Dec 11 00:00:00 IST 1971
student-357,84,66,55,25,62.670303,Tue Mar 06 00:00:00 IST 1973
student-958,75,18,43,94,62.670303,Thu Feb 08 00:00:00 IST 1979
student-739,39,66,64,61,62.670303,Mon Sep 01 00:00:00 IST 1980
student-363,69,46,66,49,62.670303,Fri Aug 07 00:00:00 IST 1981
student-432,56,90,22,62,62.670303,Fri Nov 11 00:00:00 IST 1994
student-50,7,95,36,92,62.670303,Mon Feb 05 00:00:00 IST 2001
student-747,56,85,84,5,62.670303,Mon Apr 03 00:00:00 IST 2006
student-404,69,0,79,81,62.39782,Mon Mar 11 00:00:00 IST 1963
student-333,88,18,44,79,62.39782,Thu Feb 03 00:00:00 IST 1972
student-586,39,92,78,20,62.39782,Wed Mar 08 00:00:00 IST 1972
student-698,56,91,23,59,62.39782,Fri May 08 00:00:00 IST 1981
student-415,12,46,97,74,62.39782,Sun Jul 06 00:00:00 IST 1986
student-994,41,51,77,60,62.39782,Wed May 08 00:00:00 IST 1996
student-91,93,10,50,75,62.125343,Sat Jul 05 00:00:00 IST 1980
student-297,56,19,85,68,62.125343,Fri Dec 03 00:00:00 IST 1982
student-354,69,4,89,66,62.125343,Mon Mar 04 00:00:00 IST 1985
student-70,41,96,14,77,62.125343,Sat Feb 09 00:00:00 IST 2002
student-558,60,64,84,20,62.125343,Sat Feb 07 00:00:00 IST 2009
student-782,21,81,68,57,61.85286,Tue Jan 11 00:00:00 IST 1966
student-213,79,19,74,55,61.85286,Thu Jan 11 00:00:00 IST 1973
student-430,29,39,64,95,61.85286,Mon Dec 04 00:00:00 IST 1989
student-839,62,72,30,63,61.85286,Mon Jun 10 00:00:00 IST 1991
student-311,88,29,53,57,61.85286,Thu Jun 11 00:00:00 IST 1992
student-397,81,71,37,38,61.85286,Fri Oct 03 00:00:00 IST 1997
student-892,84,66,23,54,61.85286,Wed Aug 05 00:00:00 IST 1998
student-876,88,24,23,92,61.85286,Wed May 07 00:00:00 IST 2008
student-984,61,47,61,58,61.85286,Tue Nov 10 00:00:00 IST 2009
student-284,23,54,98,51,61.580383,Wed Aug 01 00:00:00 IST 1984
student-581,83,57,82,4,61.580383,Thu Jul 12 00:00:00 IST 1990
student-150,25,58,61,82,61.580383,Fri Jan 10 00:00:00 IST 1997
student-611,76,65,10,75,61.580383,Fri Jan 02 00:00:00 IST 2009
student-914,97,11,77,40,61.3079,Mon Oct 11 00:00:00 IST 1965
student-305,74,44,97,10,61.3079,Fri Aug 09 00:00:00 IST 1985
student-820,71,51,76,27,61.3079,Tue Feb 05 00:00:00 IST 1991
student-807,99,56,22,48,61.3079,Sat Jun 11 00:00:00 IST 1994
student-471,46,44,48,87,61.3079,Tue Jan 03 00:00:00 IST 1995
student-237,73,11,97,44,61.3079,Wed Nov 01 00:00:00 IST 1995
student-575,67,55,13,90,61.3079,Mon Oct 04 00:00:00 IST 2004
student-152,9,37,81,98,61.3079,Thu Jun 01 00:00:00 IST 2006
student-10,38,94,71,21,61.035423,Sat Feb 08 00:00:00 IST 1964
student-457,53,43,85,43,61.035423,Sat Mar 09 00:00:00 IST 1968
student-49,89,35,43,57,61.035423,Sun May 03 00:00:00 IST 1970
student-851,43,90,11,80,61.035423,Mon Mar 10 00:00:00 IST 1980
student-326,37,84,38,65,61.035423,Sat Dec 03 00:00:00 IST 1983
student-252,59,22,99,44,61.035423,Sat Dec 05 00:00:00 IST 1992
student-372,9,82,73,60,61.035423,Thu Jul 03 00:00:00 IST 2003
student-837,37,86,56,44,60.762943,Sat Apr 05 00:00:00 IST 1980
student-184,63,47,22,91,60.762943,Thu Oct 11 00:00:00 IST 1984
student-657,49,58,28,88,60.762943,Thu Jan 12 00:00:00 IST 1989
student-14,50,28,65,79,60.490463,Thu Feb 02 00:00:00 IST 1961
student-873,67,20,57,78,60.490463,Thu Nov 01 00:00:00 IST 1979
student-98,83,22,52,65,60.490463,Fri Oct 02 00:00:00 IST 1998
student-470,81,37,50,54,60.490463,Fri Jan 05 00:00:00 IST 2001
student-532,39,96,15,72,60.490463,Sun Feb 03 00:00:00 IST 2002
student-860,85,71,36,30,60.490463,Fri Jul 11 00:00:00 IST 2008
student-791,66,37,42,76,60.217983,Sun Apr 04 00:00:00 IST 1976
student-465,84,32,54,51,60.217983,Tue Feb 02 00:00:00 IST 1993
student-993,88,37,71,25,60.217983,Thu Jun 09 00:00:00 IST 1994
student-420,60,59,55,47,60.217983,Tue Mar 04 00:00:00 IST 1997
student-956,45,83,76,17,60.217983,Sun Jul 06 00:00:00 IST 1997
student-4,90,77,2,51,59.945507,Thu Jun 07 00:00:00 IST 1962
student-125,43,92,61,24,59.945507,Sun Sep 08 00:00:00 IST 1991
student-602,85,56,6,73,59.945507,Sat May 10 00:00:00 IST 2003
student-27,70,96,2,52,59.945507,Wed Apr 09 00:00:00 IST 2008
student-144,21,94,77,28,59.945507,Sat Jul 12 00:00:00 IST 2008
student-652,15,70,63,71,59.673023,Thu Apr 05 00:00:00 IST 1962
student-700,90,1,35,93,59.673023,Sat Nov 02 00:00:00 IST 1963
student-139,26,92,46,55,59.673023,Sun May 02 00:00:00 IST 1976
student-157,85,86,10,38,59.673023,Sat Dec 11 00:00:00 IST 1976
student-753,99,2,93,25,59.673023,Sat Feb 05 00:00:00 IST 1977
student-316,98,63,45,13,59.673023,Tue Jun 09 00:00:00 IST 1981
student-693,61,33,64,61,59.673023,Mon Mar 02 00:00:00 IST 2009
student-182,37,75,37,69,59.400547,Mon Jul 06 00:00:00 IST 1970
student-238,90,7,48,73,59.400547,Thu Oct 02 00:00:00 IST 1975
student-965,66,85,15,52,59.400547,Sat Dec 10 00:00:00 IST 1983
student-973,65,37,32,84,59.400547,Fri Dec 02 00:00:00 IST 1988
student-171,59,3,62,94,59.400547,Wed Jan 04 00:00:00 IST 2006
student-0,57,12,61,88,59.400547,Sat Jun 12 00:00:00 IST 2010
student-349,8,82,45,82,59.128063,Tue Apr 11 00:00:00 IST 1967
student-983,47,39,43,88,59.128063,Tue Feb 04 00:00:00 IST 1986
student-715,64,54,88,11,59.128063,Tue Mar 11 00:00:00 IST 1986
student-592,64,9,89,55,59.128063,Thu Feb 05 00:00:00 IST 1987
student-1,54,74,51,38,59.128063,Sun Feb 02 00:00:00 IST 1992
student-939,22,55,91,49,59.128063,Fri Jul 10 00:00:00 IST 1992
student-406,32,34,53,98,59.128063,Sun Jan 09 00:00:00 IST 1994
student-761,41,46,39,91,59.128063,Sun Nov 05 00:00:00 IST 1995
student-323,11,82,35,89,59.128063,Thu Jan 11 00:00:00 IST 1996
student-306,62,82,6,67,59.128063,Fri Sep 04 00:00:00 IST 1998
student-934,95,32,62,28,59.128063,Thu Dec 03 00:00:00 IST 1998
student-135,42,93,55,26,58.855587,Wed Sep 09 00:00:00 IST 1964
student-751,96,47,58,15,58.855587,Tue Oct 05 00:00:00 IST 1965
student-273,56,21,81,58,58.855587,Sat Feb 06 00:00:00 IST 1971
student-483,24,79,35,78,58.855587,Tue Dec 04 00:00:00 IST 1973
student-294,83,94,35,4,58.855587,Sat Jul 07 00:00:00 IST 1990
student-243,17,54,71,74,58.855587,Tue Oct 09 00:00:00 IST 1990
student-570,3,89,97,27,58.855587,Sat Oct 07 00:00:00 IST 2000
student-282,86,28,42,60,58.855587,Thu Aug 07 00:00:00 IST 2003
student-339,44,26,51,95,58.855587,Sun Sep 03 00:00:00 IST 2006
student-660,33,77,80,26,58.855587,Wed Mar 05 00:00:00 IST 2008
student-606,63,56,3,94,58.855587,Sat Sep 11 00:00:00 IST 2010
student-364,66,38,94,17,58.583103,Tue Jan 02 00:00:00 IST 1962
student-502,83,67,60,5,58.583103,Fri Jan 10 00:00:00 IST 1969
student-579,62,57,25,71,58.583103,Sun Oct 05 00:00:00 IST 1969
student-433,42,79,25,69,58.583103,Tue Jun 06 00:00:00 IST 1978
student-122,79,76,37,23,58.583103,Thu Oct 09 00:00:00 IST 2008
student-26,70,6,74,64,58.310627,Wed Apr 03 00:00:00 IST 1963
student-800,5,87,73,49,58.310627,Mon Jan 04 00:00:00 IST 2010
student-650,33,88,57,35,58.038147,Tue Nov 05 00:00:00 IST 1963
student-990,79,55,46,33,58.038147,Tue Jun 02 00:00:00 IST 1964
student-525,60,54,32,67,58.038147,Mon Oct 08 00:00:00 IST 1990
student-132,58,30,78,47,58.038147,Sun Mar 03 00:00:00 IST 1991
student-89,90,63,40,19,57.765667,Wed Oct 07 00:00:00 IST 1964
student-429,21,25,70,96,57.765667,Wed Jun 11 00:00:00 IST 1980
student-472,33,92,20,67,57.765667,Thu Nov 12 00:00:00 IST 1987
student-733,91,44,32,45,57.765667,Thu Jul 07 00:00:00 IST 1988
student-744,53,30,30,99,57.765667,Fri Apr 08 00:00:00 IST 1994
student-599,10,58,75,69,57.765667,Mon Feb 02 00:00:00 IST 1998
student-161,14,50,73,75,57.765667,Sat May 03 00:00:00 IST 2008
student-295,21,18,89,83,57.493187,Sun Apr 03 00:00:00 IST 1960
student-223,99,35,40,37,57.493187,Tue Mar 09 00:00:00 IST 1965
student-494,47,13,94,57,57.493187,Fri Feb 02 00:00:00 IST 1968
student-201,77,63,44,27,57.493187,Wed Oct 01 00:00:00 IST 1975
student-400,7,47,96,61,57.493187,Thu Jul 08 00:00:00 IST 1976
student-381,80,53,46,32,57.493187,Fri Mar 11 00:00:00 IST 1977
student-423,68,65,21,57,57.493187,Mon May 03 00:00:00 IST 1982
student-786,80,50,46,35,57.493187,Sun Dec 12 00:00:00 IST 1982
student-713,46,77,0,88,57.493187,Tue Nov 03 00:00:00 IST 1998
student-391,97,1,98,15,57.493187,Sat May 11 00:00:00 IST 2002
student-76,60,70,71,9,57.22071,Sat Jul 01 00:00:00 IST 1961
student-861,58,69,15,68,57.22071,Sat Jan 06 00:00:00 IST 1973
student-51,45,26,54,85,57.22071,Wed Mar 10 00:00:00 IST 1982
student-670,56,19,42,93,57.22071,Thu Oct 04 00:00:00 IST 1984
student-467,77,70,19,44,57.22071,Mon Apr 11 00:00:00 IST 2011
student-822,38,23,82,66,56.948227,Sat May 01 00:00:00 IST 1971
student-778,41,29,42,97,56.948227,Fri Jul 10 00:00:00 IST 1992
student-580,15,48,83,63,56.948227,Sun Dec 06 00:00:00 IST 1992
student-955,23,39,86,61,56.948227,Mon Nov 03 00:00:00 IST 1997
student-911,61,50,92,6,56.948227,Tue Sep 01 00:00:00 IST 1998
student-549,25,34,67,82,56.67575,Wed Apr 05 00:00:00 IST 1961
student-725,37,73,26,72,56.67575,Sat May 01 00:00:00 IST 1965
student-195,86,83,32,7,56.67575,Sat Dec 09 00:00:00 IST 1967
student-261,22,47,96,43,56.67575,Sun Apr 11 00:00:00 IST 1976
student-413,47,71,86,4,56.67575,Tue Feb 07 00:00:00 IST 1984
student-220,88,48,50,22,56.67575,Sat Jun 01 00:00:00 IST 1991
student-185,86,23,39,60,56.67575,Sun Jan 11 00:00:00 IST 2009
student-19,22,86,83,16,56.403267,Thu Jul 11 00:00:00 IST 1974
student-901,27,97,41,42,56.403267,Thu Dec 06 00:00:00 IST 1979
student-617,72,49,13,73,56.403267,Sat Apr 06 00:00:00 IST 1985
student-114,36,48,68,55,56.403267,Thu Sep 11 00:00:00 IST 1986
student-760,92,71,30,14,56.403267,Fri Jan 08 00:00:00 IST 1993
student-758,63,48,55,41,56.403267,Fri Apr 11 00:00:00 IST 1997
student-664,15,71,45,76,56.403267,Thu May 02 00:00:00 IST 2002
student-290,9,48,90,60,56.403267,Sat Jul 09 00:00:00 IST 2005
student-988,75,81,10,40,56.13079,Sun Feb 12 00:00:00 IST 1961
student-545,35,74,46,51,56.13079,Sun Aug 08 00:00:00 IST 1976
student-979,54,76,24,52,56.13079,Fri Oct 09 00:00:00 IST 1981
student-836,32,50,32,92,56.13079,Tue Feb 04 00:00:00 IST 1986
student-716,88,33,59,26,56.13079,Fri Apr 06 00:00:00 IST 1990
student-409,32,92,22,60,56.13079,Fri Jun 09 00:00:00 IST 1995
student-215,68,33,90,14,55.858307,Fri Oct 04 00:00:00 IST 1963
student-247,50,88,46,21,55.858307,Fri Mar 06 00:00:00 IST 1964
student-910,83,42,69,11,55.858307,Fri Aug 06 00:00:00 IST 1982
student-756,54,30,80,41,55.858307,Fri Jan 07 00:00:00 IST 1983
student-233,64,33,19,89,55.858307,Mon Mar 09 00:00:00 IST 1987
student-355,54,79,31,41,55.858307,Tue Jul 06 00:00:00 IST 2010
student-825,56,66,44,38,55.58583,Wed Jul 08 00:00:00 IST 1964
student-280,95,7,18,84,55.58583,Sat Feb 09 00:00:00 IST 1974
student-436,65,10,30,99,55.58583,Tue Jul 12 00:00:00 IST 1977
student-396,26,23,87,68,55.58583,Mon May 02 00:00:00 IST 1988
student-646,76,75,30,23,55.58583,Sat Jun 10 00:00:00 IST 1989
student-36,86,41,6,71,55.58583,Sat May 05 00:00:00 IST 2001
student-301,12,43,52,97,55.58583,Mon Nov 12 00:00:00 IST 2001
student-445,36,5,84,79,55.58583,Sat Jul 10 00:00:00 IST 2004
student-5,86,34,0,84,55.58583,Sun Jun 11 00:00:00 IST 2006
student-370,55,73,27,48,55.313347,Wed Aug 05 00:00:00 IST 1964
student-498,2,91,23,87,55.313347,Mon Jan 11 00:00:00 IST 1965
student-904,22,85,80,16,55.313347,Tue Oct 08 00:00:00 IST 1968
student-206,69,3,80,51,55.313347,Thu Jun 07 00:00:00 IST 1973
student-534,32,49,70,52,55.313347,Sun Feb 03 00:00:00 IST 1974
student-858,25,24,71,83,55.313347,Sat Feb 04 00:00:00 IST 1978
student-109,16,49,93,45,55.313347,Thu Jun 07 00:00:00 IST 1984
student-936,57,77,11,58,55.313347,Fri Oct 01 00:00:00 IST 1993
student-190,45,24,52,82,55.313347,Sun Apr 04 00:00:00 IST 1999
student-594,85,34,22,62,55.313347,Sun May 03 00:00:00 IST 2009
student-970,28,74,22,78,55.04087,Sat May 09 00:00:00 IST 1970
student-952,87,44,0,71,55.04087,Wed Jul 07 00:00:00 IST 1976
student-673,79,23,58,42,55.04087,Wed Feb 06 00:00:00 IST 2002
student-246,28,72,43,59,55.04087,Fri Jul 12 00:00:00 IST 2002
student-175,42,61,5,94,55.04087,Mon Aug 04 00:00:00 IST 2003
student-661,73,45,54,29,54.76839,Wed Dec 04 00:00:00 IST 1974
student-996,14,13,94,80,54.76839,Sat May 08 00:00:00 IST 1976
student-7,48,51,49,53,54.76839,Tue Jun 07 00:00:00 IST 1988
student-334,10,28,75,88,54.76839,Mon Nov 11 00:00:00 IST 1991
student-659,26,83,73,19,54.76839,Sat Nov 09 00:00:00 IST 1996
student-550,66,24,88,23,54.76839,Wed Jan 06 00:00:00 IST 1999
student-179,39,56,90,15,54.495914,Sat Oct 06 00:00:00 IST 1990
student-74,98,15,51,36,54.495914,Sun Dec 07 00:00:00 IST 2003
student-615,9,38,75,78,54.495914,Fri Feb 04 00:00:00 IST 2005
student-418,34,50,45,71,54.495914,Tue Jan 10 00:00:00 IST 2006
student-140,76,39,37,48,54.495914,Thu Nov 05 00:00:00 IST 2009
student-987,58,16,77,48,54.223434,Thu Nov 03 00:00:00 IST 1966
student-812,74,11,81,33,54.223434,Tue Feb 12 00:00:00 IST 1974
student-806,48,75,32,44,54.223434,Thu Feb 02 00:00:00 IST 1978
student-712,6,38,90,65,54.223434,Sun Jun 01 00:00:00 IST 1986
student-384,46,75,40,38,54.223434,Tue Mar 09 00:00:00 IST 1993
student-71,49,26,46,77,53.950954,Fri Sep 04 00:00:00 IST 1964
student-981,65,32,67,34,53.950954,Thu May 08 00:00:00 IST 1975
student-224,8,91,83,16,53.950954,Tue Feb 09 00:00:00 IST 1982
student-173,26,84,80,8,53.950954,Mon Jun 05 00:00:00 IST 1989
student-919,11,34,63,90,53.950954,Mon Jul 09 00:00:00 IST 1990
student-942,73,60,29,36,53.950954,Sun Jun 02 00:00:00 IST 1996
student-749,67,72,56,3,53.950954,Wed May 11 00:00:00 IST 2005
student-762,70,76,11,41,53.950954,Fri May 11 00:00:00 IST 2007
student-338,6,32,90,70,53.950954,Fri Jan 04 00:00:00 IST 2008
student-351,47,40,12,99,53.950954,Wed May 04 00:00:00 IST 2011
student-576,25,83,69,20,53.67848,Sun Jan 02 00:00:00 IST 1972
student-159,52,39,80,26,53.67848,Tue May 10 00:00:00 IST 1977
student-102,42,10,79,66,53.67848,Thu Mar 08 00:00:00 IST 1984
student-434,54,11,70,62,53.67848,Sat Aug 10 00:00:00 IST 1991
student-82,18,12,95,72,53.67848,Sun Oct 08 00:00:00 IST 2000
student-59,49,77,16,55,53.67848,Sun Feb 11 00:00:00 IST 2001
student-765,37,0,98,62,53.67848,Mon Oct 01 00:00:00 IST 2001
student-255,81,11,73,32,53.67848,Thu Jun 11 00:00:00 IST 2009
student-489,24,46,55,71,53.405994,Wed May 09 00:00:00 IST 1962
student-419,2,71,88,35,53.405994,Fri Feb 03 00:00:00 IST 1967
student-696,34,23,79,60,53.405994,Sat Oct 07 00:00:00 IST 1967
student-966,53,33,29,81,53.405994,Tue Nov 11 00:00:00 IST 1986
student-729,92,34,63,7,53.405994,Thu Apr 07 00:00:00 IST 1988
student-497,16,86,73,21,53.405994,Wed Aug 03 00:00:00 IST 1994
student-3,57,65,10,64,53.405994,Sat Jan 09 00:00:00 IST 2010
student-103,43,43,81,28,53.13352,Fri Sep 11 00:00:00 IST 1964
student-649,41,15,42,97,53.13352,Wed Feb 08 00:00:00 IST 1967
student-524,44,34,77,40,53.13352,Wed Feb 03 00:00:00 IST 1982
student-872,4,35,89,66,52.861034,Wed Jun 03 00:00:00 IST 1964
student-107,35,56,34,69,52.861034,Fri Oct 06 00:00:00 IST 1967
student-968,64,75,6,49,52.861034,Tue Jul 03 00:00:00 IST 1979
student-535,56,27,71,40,52.861034,Tue Sep 02 00:00:00 IST 1986
student-597,49,57,48,40,52.861034,Sat Nov 02 00:00:00 IST 1991
student-959,18,64,55,57,52.861034,Sun Sep 10 00:00:00 IST 2000
student-654,92,64,28,9,52.58856,Wed Feb 10 00:00:00 IST 1960
student-151,8,69,98,18,52.58856,Sun Apr 11 00:00:00 IST 1965
student-620,94,2,7,90,52.58856,Mon May 02 00:00:00 IST 1966
student-828,31,90,51,21,52.58856,Wed Mar 05 00:00:00 IST 1975
student-118,36,26,67,64,52.58856,Sun Feb 06 00:00:00 IST 1977
student-768,32,51,79,31,52.58856,Wed Jul 01 00:00:00 IST 1981
student-605,42,56,9,86,52.58856,Tue Apr 03 00:00:00 IST 1990
student-249,53,44,16,79,52.316074,Wed Apr 10 00:00:00 IST 1974
student-651,34,10,78,70,52.316074,Thu Nov 01 00:00:00 IST 1990
student-408,57,35,40,60,52.316074,Thu May 07 00:00:00 IST 2009
student-585,50,72,20,49,52.0436,Mon Apr 06 00:00:00 IST 1970
student-466,4,63,91,33,52.0436,Sun Mar 10 00:00:00 IST 1974
student-207,34,32,47,78,52.0436,Sat Jul 07 00:00:00 IST 1979
student-197,46,61,35,49,52.0436,Wed Nov 07 00:00:00 IST 1979
student-555,93,2,5,91,52.0436,Sat Jan 05 00:00:00 IST 1991
student-547,12,73,70,36,52.0436,Sat Mar 11 00:00:00 IST 2006
student-819,0,61,81,48,51.77112,Mon Jun 10 00:00:00 IST 1968
student-39,24,69,38,59,51.77112,Sun Jan 04 00:00:00 IST 1970
student-842,46,93,8,43,51.77112,Sun May 01 00:00:00 IST 1983
student-263,58,41,31,60,51.77112,Thu Feb 12 00:00:00 IST 1998
student-893,33,84,42,31,51.77112,Sun May 03 00:00:00 IST 1998
student-342,22,63,49,56,51.77112,Wed Jun 05 00:00:00 IST 2002
student-428,79,44,28,38,51.49864,Sat Sep 08 00:00:00 IST 1962
student-160,33,99,19,38,51.49864,Mon May 03 00:00:00 IST 1965
student-573,70,48,23,48,51.49864,Wed Feb 02 00:00:00 IST 1966
student-229,11,53,51,74,51.49864,Thu Nov 10 00:00:00 IST 1966
student-905,21,47,45,76,51.49864,Wed May 12 00:00:00 IST 1971
student-870,98,13,73,5,51.49864,Sat Nov 07 00:00:00 IST 1981
student-771,38,54,33,64,51.49864,Sat Jul 05 00:00:00 IST 1986
student-562,2,42,98,47,51.49864,Wed Jun 10 00:00:00 IST 1987
student-117,45,44,27,73,51.49864,Wed Mar 07 00:00:00 IST 1990
student-331,9,93,45,42,51.49864,Sun May 03 00:00:00 IST 1998
student-538,68,75,24,22,51.49864,Tue Apr 08 00:00:00 IST 2003
student-13,36,49,27,76,51.22616,Mon Feb 05 00:00:00 IST 1973
student-669,76,14,8,89,50.953682,Fri Mar 08 00:00:00 IST 1963
student-818,21,28,64,74,50.953682,Tue May 01 00:00:00 IST 1979
student-265,64,54,1,68,50.953682,Fri Oct 11 00:00:00 IST 1985
student-111,83,2,3,99,50.953682,Fri Feb 07 00:00:00 IST 1986
student-251,98,5,43,41,50.953682,Tue Jul 07 00:00:00 IST 1987
student-796,4,71,91,21,50.953682,Fri Jul 10 00:00:00 IST 1987
student-99,78,23,41,45,50.953682,Tue May 12 00:00:00 IST 1998
student-723,42,64,36,45,50.953682,Tue Jul 01 00:00:00 IST 2003
student-321,82,44,60,0,50.6812,Fri Jan 08 00:00:00 IST 1993
student-636,82,62,26,16,50.6812,Sat Feb 04 00:00:00 IST 1995
student-377,31,47,65,43,50.6812,Fri Feb 08 00:00:00 IST 2002
student-802,34,22,69,60,50.408722,Sun Jun 09 00:00:00 IST 1963
student-264,93,16,34,42,50.408722,Fri Mar 03 00:00:00 IST 1967
student-228,70,67,41,7,50.408722,Thu May 04 00:00:00 IST 1967
student-242,61,97,3,24,50.408722,Mon Jan 05 00:00:00 IST 1970
student-697,69,9,49,58,50.408722,Sun Jun 05 00:00:00 IST 1983
student-944,47,88,30,20,50.408722,Wed May 11 00:00:00 IST 1988
student-281,19,55,86,25,50.408722,Wed Dec 07 00:00:00 IST 1988
student-86,0,50,97,38,50.408722,Sat Jun 12 00:00:00 IST 1993
student-393,70,6,17,92,50.408722,Mon Jan 03 00:00:00 IST 1994
student-773,27,18,77,63,50.408722,Sun Sep 01 00:00:00 IST 1996
student-379,93,50,32,10,50.408722,Sun May 03 00:00:00 IST 1998
student-896,76,51,37,20,50.13624,Mon Jul 03 00:00:00 IST 1972
student-495,4,11,76,93,50.13624,Fri Jun 01 00:00:00 IST 1973
student-245,40,82,37,25,50.13624,Tue Apr 10 00:00:00 IST 1984
student-785,86,60,13,25,50.13624,Tue Oct 07 00:00:00 IST 2008
student-745,86,28,46,23,49.86376,Fri Jul 07 00:00:00 IST 1967
student-304,2,84,91,6,49.86376,Thu Oct 09 00:00:00 IST 1969
student-964,19,33,86,45,49.86376,Mon Apr 03 00:00:00 IST 1978
student-492,4,63,18,98,49.86376,Tue Oct 07 00:00:00 IST 1980
student-780,54,85,21,23,49.86376,Mon Jan 02 00:00:00 IST 1984
student-183,20,35,51,77,49.86376,Thu Apr 10 00:00:00 IST 1997
student-28,94,44,24,21,49.86376,Fri Jan 09 00:00:00 IST 1998
student-853,60,14,95,13,49.59128,Fri Oct 12 00:00:00 IST 1973
student-531,80,20,66,16,49.59128,Thu Jan 10 00:00:00 IST 1974
student-748,45,84,45,8,49.59128,Wed Jan 11 00:00:00 IST 1978
student-604,51,27,26,77,49.3188,Tue Nov 05 00:00:00 IST 1963
student-12,4,80,93,4,49.3188,Fri Feb 09 00:00:00 IST 1968
student-463,41,72,50,18,49.3188,Sat Jul 03 00:00:00 IST 1982
student-345,55,17,12,97,49.3188,Wed May 06 00:00:00 IST 1992
student-455,32,99,18,32,49.3188,Sun Nov 02 00:00:00 IST 2003
student-793,74,14,87,5,49.04632,Fri Jan 11 00:00:00 IST 1963
student-67,63,4,43,70,49.04632,Thu Aug 07 00:00:00 IST 1975
student-38,17,99,52,12,49.04632,Sun Aug 11 00:00:00 IST 2002
student-704,73,41,8,57,48.77384,Fri Aug 06 00:00:00 IST 1965
student-924,46,9,87,37,48.77384,Wed Jun 08 00:00:00 IST 1966
student-292,35,20,41,83,48.77384,Sat Feb 03 00:00:00 IST 2001
student-864,22,67,88,2,48.77384,Thu May 08 00:00:00 IST 2003
student-757,20,37,83,38,48.50136,Thu Apr 08 00:00:00 IST 1971
student-186,35,57,34,52,48.50136,Sun Apr 11 00:00:00 IST 1971
student-335,32,64,50,32,48.50136,Tue Oct 06 00:00:00 IST 1987
student-108,44,65,3,66,48.50136,Sun Mar 12 00:00:00 IST 1989
student-906,29,88,16,45,48.50136,Wed Jan 05 00:00:00 IST 2011
student-421,36,24,85,32,48.22888,Mon Dec 12 00:00:00 IST 1960
student-705,27,0,63,87,48.22888,Sun Dec 02 00:00:00 IST 1979
student-972,23,84,50,20,48.22888,Thu Jul 09 00:00:00 IST 1981
student-865,65,26,35,51,48.22888,Sat May 05 00:00:00 IST 1990
student-803,65,25,44,43,48.22888,Sun May 05 00:00:00 IST 1991
student-380,46,21,32,77,47.956406,Thu Jun 05 00:00:00 IST 1975
student-982,18,55,89,14,47.956406,Wed Apr 09 00:00:00 IST 1980
student-382,66,50,23,37,47.956406,Sat Nov 07 00:00:00 IST 1981
student-485,64,11,65,36,47.956406,Sat Jan 08 00:00:00 IST 1983
student-480,69,54,1,52,47.956406,Mon Jul 01 00:00:00 IST 1991
student-941,50,25,80,21,47.956406,Wed Jun 12 00:00:00 IST 2002
student-629,63,33,19,61,47.956406,Fri Oct 03 00:00:00 IST 2003
student-764,83,61,4,28,47.956406,Tue Oct 11 00:00:00 IST 2005
student-539,56,21,5,93,47.683926,Wed Jul 01 00:00:00 IST 1981
student-794,28,41,36,70,47.683926,Fri Jul 07 00:00:00 IST 1989
student-943,79,25,60,11,47.683926,Sat Apr 07 00:00:00 IST 1990
student-106,60,7,39,69,47.683926,Fri Jun 08 00:00:00 IST 1990
student-318,11,53,16,95,47.683926,Wed May 11 00:00:00 IST 2005
student-20,52,6,53,63,47.411446,Fri May 03 00:00:00 IST 1991
student-648,80,15,64,15,47.411446,Sat Apr 04 00:00:00 IST 1998
student-628,96,35,20,23,47.411446,Mon Dec 10 00:00:00 IST 2001
student-458,10,59,57,48,47.411446,Wed Apr 11 00:00:00 IST 2007
student-464,32,41,50,51,47.411446,Sat Feb 07 00:00:00 IST 2009
student-236,5,36,82,50,47.138966,Mon Jan 12 00:00:00 IST 1981
student-676,43,2,38,90,47.138966,Mon Feb 09 00:00:00 IST 2009
student-645,18,20,48,86,46.866486,Fri Nov 01 00:00:00 IST 1974
student-672,44,70,40,18,46.866486,Sat May 03 00:00:00 IST 1980
student-938,8,43,90,31,46.866486,Wed Jun 10 00:00:00 IST 1981
student-776,37,37,2,96,46.866486,Tue Aug 03 00:00:00 IST 1993
student-915,71,50,30,21,46.866486,Wed Mar 04 00:00:00 IST 1998
student-90,86,18,35,33,46.866486,Mon Jan 04 00:00:00 IST 1999
student-371,33,27,59,53,46.866486,Thu Apr 08 00:00:00 IST 1999
student-574,56,14,83,19,46.866486,Mon May 09 00:00:00 IST 2005
student-875,67,26,35,43,46.594006,Sat Apr 06 00:00:00 IST 1974
student-640,84,70,1,16,46.594006,Mon Sep 05 00:00:00 IST 1977
student-556,1,68,46,56,46.594006,Tue Nov 12 00:00:00 IST 1985
student-991,32,23,32,84,46.594006,Fri Mar 02 00:00:00 IST 2007
student-925,67,31,68,4,46.321526,Sun Aug 07 00:00:00 IST 1966
student-610,33,8,95,34,46.321526,Fri Apr 11 00:00:00 IST 1975
student-957,74,65,0,31,46.321526,Mon Mar 07 00:00:00 IST 1977
student-356,43,83,10,34,46.321526,Wed Jun 06 00:00:00 IST 1990
student-75,6,6,71,86,46.049046,Mon Dec 05 00:00:00 IST 1966
student-267,77,84,7,1,46.049046,Mon Feb 09 00:00:00 IST 1970
student-110,34,12,86,37,46.049046,Sun Oct 10 00:00:00 IST 1976
student-674,31,73,56,9,46.049046,Mon May 08 00:00:00 IST 1978
student-701,18,84,21,46,46.049046,Thu Feb 12 00:00:00 IST 1987
student-933,38,22,59,50,46.049046,Fri Mar 09 00:00:00 IST 1990
student-603,60,1,30,77,45.776566,Mon Apr 06 00:00:00 IST 1964
student-662,21,23,64,60,45.776566,Tue Aug 10 00:00:00 IST 1965
student-978,37,71,24,36,45.776566,Thu Jul 03 00:00:00 IST 1980
student-181,26,91,23,28,45.776566,Wed May 09 00:00:00 IST 1984
student-591,32,45,50,41,45.776566,Sat Jul 11 00:00:00 IST 2009
student-44,12,63,7,85,45.504086,Sat Jun 12 00:00:00 IST 1965
student-506,52,76,27,12,45.504086,Wed Jul 09 00:00:00 IST 1975
student-912,53,7,99,8,45.504086,Sun Jun 05 00:00:00 IST 1977
student-300,13,95,57,2,45.504086,Thu Feb 07 00:00:00 IST 1980
student-212,14,12,85,56,45.504086,Sun Jun 07 00:00:00 IST 1981
student-121,57,13,38,59,45.504086,Sat May 01 00:00:00 IST 1982
student-437,13,21,85,48,45.504086,Thu Mar 05 00:00:00 IST 1992
student-210,14,95,44,14,45.504086,Fri Feb 09 00:00:00 IST 2007
student-752,17,95,17,38,45.504086,Wed Oct 08 00:00:00 IST 2008
student-724,16,68,66,16,45.23161,Tue May 05 00:00:00 IST 1964
student-268,49,52,62,3,45.23161,Thu Jun 01 00:00:00 IST 1995
student-320,0,86,56,24,45.23161,Mon Feb 08 00:00:00 IST 2010
student-138,15,31,77,42,44.95913,Fri Oct 12 00:00:00 IST 1962
student-750,39,49,58,19,44.95913,Sat May 09 00:00:00 IST 1981
student-234,61,43,44,17,44.95913,Wed Sep 10 00:00:00 IST 2003
student-600,4,74,76,11,44.95913,Sat Mar 08 00:00:00 IST 2008
student-375,14,40,28,82,44.68665,Thu Aug 05 00:00:00 IST 1976
student-85,1,96,2,65,44.68665,Thu Mar 06 00:00:00 IST 1980
student-868,67,33,3,61,44.68665,Tue Apr 01 00:00:00 IST 1980
student-414,76,34,30,24,44.68665,Mon Feb 03 00:00:00 IST 1992
student-25,53,66,12,32,44.41417,Mon Oct 05 00:00:00 IST 1964
student-946,3,51,62,47,44.41417,Tue Dec 08 00:00:00 IST 1964
student-641,32,8,24,99,44.41417,Tue Mar 01 00:00:00 IST 1988
student-831,73,55,18,17,44.41417,Mon Dec 06 00:00:00 IST 1999
student-155,50,10,8,95,44.41417,Wed May 11 00:00:00 IST 2005
student-64,20,75,65,3,44.41417,Sun Sep 09 00:00:00 IST 2007
student-209,17,26,32,87,44.14169,Sat Apr 07 00:00:00 IST 1979
student-746,4,52,37,69,44.14169,Sun May 11 00:00:00 IST 1980
student-78,68,24,2,68,44.14169,Wed Aug 01 00:00:00 IST 1984
student-770,25,5,64,68,44.14169,Thu May 02 00:00:00 IST 1985
student-61,58,6,60,38,44.14169,Wed Jul 03 00:00:00 IST 1985
student-504,21,41,86,14,44.14169,Fri Oct 10 00:00:00 IST 1986
student-829,45,8,49,60,44.14169,Fri Feb 01 00:00:00 IST 2002
student-922,44,13,44,60,43.86921,Tue Mar 09 00:00:00 IST 1971
student-499,31,8,33,89,43.86921,Mon Oct 03 00:00:00 IST 1977
student-695,43,78,11,29,43.86921,Tue Jul 07 00:00:00 IST 1987
student-608,18,21,51,71,43.86921,Mon Jan 05 00:00:00 IST 1998
student-374,53,16,59,33,43.86921,Wed Feb 04 00:00:00 IST 1998
student-823,45,10,27,79,43.86921,Sun Mar 09 00:00:00 IST 2008
student-790,39,16,62,43,43.59673,Wed Feb 12 00:00:00 IST 1964
student-985,50,72,20,18,43.59673,Mon Aug 07 00:00:00 IST 1967
student-846,20,17,54,69,43.59673,Mon Dec 01 00:00:00 IST 1975
student-148,36,42,19,63,43.59673,Fri May 07 00:00:00 IST 1976
student-174,72,31,19,38,43.59673,Sun Feb 11 00:00:00 IST 1979
student-540,83,1,33,43,43.59673,Sun Jul 06 00:00:00 IST 1986
student-411,57,22,20,61,43.59673,Mon Jan 09 00:00:00 IST 1989
student-781,49,50,61,0,43.59673,Fri Jan 08 00:00:00 IST 1993
student-917,98,3,32,27,43.59673,Mon Jan 03 00:00:00 IST 2005
student-240,65,19,24,51,43.32425,Wed Jul 08 00:00:00 IST 1970
student-54,43,54,37,25,43.32425,Wed May 09 00:00:00 IST 1973
student-187,71,72,13,3,43.32425,Fri Mar 12 00:00:00 IST 1976
student-686,60,4,4,91,43.32425,Wed Jul 04 00:00:00 IST 1984
student-250,76,5,5,73,43.32425,Wed Dec 09 00:00:00 IST 1992
student-777,30,13,90,26,43.32425,Wed Feb 10 00:00:00 IST 1999
student-450,34,8,95,22,43.32425,Wed Oct 03 00:00:00 IST 2001
student-505,28,14,32,84,43.05177,Mon Jul 10 00:00:00 IST 1961
student-123,17,64,53,24,43.05177,Mon Feb 04 00:00:00 IST 1963
student-490,79,15,52,12,43.05177,Fri Jan 10 00:00:00 IST 1964
student-199,6,96,45,11,43.05177,Sun Jan 12 00:00:00 IST 1964
student-630,36,45,13,64,43.05177,Fri Feb 07 00:00:00 IST 1975
student-395,43,52,55,8,43.05177,Mon Feb 01 00:00:00 IST 1982
student-83,41,23,29,65,43.05177,Wed Mar 12 00:00:00 IST 1986
student-721,18,48,31,61,43.05177,Fri Aug 07 00:00:00 IST 1992
student-241,56,3,16,83,43.05177,Wed Jan 12 00:00:00 IST 1994
student-303,77,22,7,52,43.05177,Sat Feb 11 00:00:00 IST 2006
student-232,69,32,14,42,42.77929,Thu Apr 03 00:00:00 IST 1969
student-214,81,67,5,4,42.77929,Tue Jan 11 00:00:00 IST 1983
student-817,14,71,11,61,42.77929,Sun Nov 10 00:00:00 IST 1985
student-248,60,17,32,48,42.77929,Sun Jan 07 00:00:00 IST 1990
student-811,41,39,30,47,42.77929,Fri Mar 09 00:00:00 IST 1990
student-388,55,87,8,7,42.77929,Tue Jan 11 00:00:00 IST 2005
student-383,44,15,31,66,42.50681,Thu May 07 00:00:00 IST 1964
student-897,46,19,44,47,42.50681,Wed Aug 07 00:00:00 IST 1985
student-530,36,29,76,15,42.50681,Tue Aug 10 00:00:00 IST 1993
student-392,12,31,94,19,42.50681,Thu Jun 11 00:00:00 IST 1998
student-638,32,10,26,88,42.50681,Wed Apr 11 00:00:00 IST 2001
student-256,36,25,4,91,42.50681,Sun Oct 01 00:00:00 IST 2006
student-809,40,35,66,15,42.50681,Sat Mar 06 00:00:00 IST 2010
student-426,46,35,22,52,42.234333,Sat Oct 10 00:00:00 IST 1970
student-149,32,39,27,57,42.234333,Wed Oct 04 00:00:00 IST 1972
student-885,39,10,46,60,42.234333,Fri May 02 00:00:00 IST 1986
student-923,48,30,65,12,42.234333,Mon Nov 11 00:00:00 IST 1991
student-543,94,22,22,17,42.234333,Sat Apr 03 00:00:00 IST 1999
student-21,19,65,2,69,42.234333,Thu Mar 07 00:00:00 IST 2002
student-194,38,14,13,90,42.234333,Tue Jan 10 00:00:00 IST 2006
student-735,78,12,41,24,42.234333,Tue Feb 09 00:00:00 IST 2010
student-277,63,2,31,58,41.961853,Fri Feb 01 00:00:00 IST 1963
student-269,85,4,60,5,41.961853,Mon Dec 10 00:00:00 IST 1990
student-451,20,77,33,24,41.961853,Fri Jul 09 00:00:00 IST 1993
student-792,7,66,77,4,41.961853,Tue Aug 03 00:00:00 IST 1993
student-153,41,11,72,30,41.961853,Wed Sep 02 00:00:00 IST 1998
student-948,42,7,99,5,41.689373,Thu Oct 04 00:00:00 IST 1962
student-572,26,18,87,22,41.689373,Fri Nov 10 00:00:00 IST 1978
student-46,26,89,33,5,41.689373,Thu Feb 03 00:00:00 IST 1983
student-40,36,34,24,59,41.689373,Thu Jul 11 00:00:00 IST 1985
student-561,89,46,1,17,41.689373,Mon May 05 00:00:00 IST 1997
student-454,41,52,26,33,41.416893,Fri Jan 04 00:00:00 IST 1963
student-276,92,20,23,17,41.416893,Mon Jun 02 00:00:00 IST 1969
student-840,47,7,74,24,41.416893,Thu Dec 03 00:00:00 IST 1970
student-598,3,38,55,56,41.416893,Wed Nov 11 00:00:00 IST 1987
student-227,67,67,9,9,41.416893,Fri May 08 00:00:00 IST 1998
student-448,74,31,34,13,41.416893,Fri Apr 04 00:00:00 IST 2003
student-141,15,46,2,88,41.144413,Tue Oct 09 00:00:00 IST 1973
student-33,76,2,23,50,41.144413,Wed Jan 06 00:00:00 IST 1999
student-198,49,59,18,24,40.871937,Mon Jul 01 00:00:00 IST 1974
student-22,30,22,54,44,40.871937,Mon May 01 00:00:00 IST 1995
student-577,52,17,40,41,40.871937,Sat Nov 04 00:00:00 IST 1995
student-440,0,84,43,23,40.871937,Sun Aug 12 00:00:00 IST 2001
student-120,1,59,54,35,40.599457,Wed Apr 05 00:00:00 IST 1967
student-954,75,27,0,47,40.599457,Thu Mar 06 00:00:00 IST 1969
student-226,34,27,38,50,40.599457,Sun Jan 08 00:00:00 IST 1984
student-971,40,42,43,24,40.599457,Tue Aug 10 00:00:00 IST 1999
student-360,67,11,39,32,40.599457,Sat Dec 12 00:00:00 IST 2009
student-43,32,55,40,22,40.599457,Sun Feb 07 00:00:00 IST 2010
student-516,20,79,18,31,40.326977,Fri Feb 11 00:00:00 IST 1977
student-832,17,50,80,1,40.326977,Tue Nov 01 00:00:00 IST 1977
student-567,12,50,35,51,40.326977,Mon May 01 00:00:00 IST 1989
student-619,49,73,15,11,40.326977,Wed Nov 01 00:00:00 IST 1989
student-588,85,1,7,54,40.054497,Tue Sep 12 00:00:00 IST 1967
student-239,38,84,24,1,40.054497,Fri Nov 03 00:00:00 IST 1972
student-541,40,35,28,44,40.054497,Mon Dec 01 00:00:00 IST 1975
student-692,1,38,38,69,39.782017,Sun Jun 05 00:00:00 IST 1977
student-438,22,19,29,76,39.782017,Sat Oct 06 00:00:00 IST 1984
student-883,70,43,33,0,39.782017,Sun Jun 12 00:00:00 IST 2005
student-193,23,63,20,39,39.509537,Sat Aug 07 00:00:00 IST 1965
student-951,33,22,36,54,39.509537,Mon Aug 08 00:00:00 IST 1983
student-634,99,12,29,5,39.509537,Tue Nov 01 00:00:00 IST 2005
student-88,35,2,57,50,39.237057,Fri Oct 04 00:00:00 IST 1968
student-200,51,27,66,0,39.237057,Tue Feb 02 00:00:00 IST 1971
student-708,61,6,43,34,39.237057,Sun Jun 12 00:00:00 IST 1977
student-314,7,48,51,37,38.964577,Wed Jun 12 00:00:00 IST 1963
student-824,52,30,53,8,38.964577,Mon Aug 02 00:00:00 IST 1965
student-402,60,8,25,50,38.964577,Thu Apr 11 00:00:00 IST 1985
student-826,25,63,1,54,38.964577,Mon Nov 03 00:00:00 IST 1986
student-891,34,81,3,25,38.964577,Tue Dec 05 00:00:00 IST 1989
student-52,27,54,33,29,38.964577,Thu Feb 05 00:00:00 IST 2004
student-787,4,42,14,82,38.6921,Mon Mar 08 00:00:00 IST 1976
student-136,22,44,6,70,38.6921,Wed Jul 11 00:00:00 IST 1990
student-621,19,68,33,21,38.41962,Sun Jan 11 00:00:00 IST 1970
student-359,23,59,59,0,38.41962,Tue Nov 02 00:00:00 IST 1976
student-937,38,71,8,24,38.41962,Sun Jan 08 00:00:00 IST 1989
student-310,31,46,1,63,38.41962,Sat Mar 12 00:00:00 IST 2005
student-618,49,2,78,11,38.14714,Sun Feb 11 00:00:00 IST 2001
student-596,46,56,19,18,37.87466,Sat Jun 08 00:00:00 IST 1968
student-950,15,43,20,61,37.87466,Fri Dec 12 00:00:00 IST 1969
student-501,9,5,81,44,37.87466,Mon Dec 06 00:00:00 IST 1971
student-244,28,27,62,22,37.87466,Sun Jul 02 00:00:00 IST 1978
student-903,42,1,22,74,37.87466,Tue Jun 01 00:00:00 IST 1982
student-386,29,25,15,70,37.87466,Mon Jun 09 00:00:00 IST 1986
student-726,22,89,13,15,37.87466,Thu Jan 04 00:00:00 IST 1996
student-191,26,3,58,51,37.60218,Fri Feb 11 00:00:00 IST 1977
student-387,77,11,4,46,37.60218,Sun Jun 01 00:00:00 IST 1997
student-69,52,16,23,47,37.60218,Fri Sep 01 00:00:00 IST 2000
student-293,2,63,34,39,37.60218,Sun Feb 11 00:00:00 IST 2001
student-362,14,70,18,35,37.3297,Mon Apr 11 00:00:00 IST 1960
student-92,1,17,96,23,37.3297,Fri Feb 11 00:00:00 IST 1972
student-961,35,28,42,32,37.3297,Mon Apr 09 00:00:00 IST 1973
student-690,23,36,75,3,37.3297,Wed Nov 12 00:00:00 IST 1975
student-390,25,34,60,18,37.3297,Mon Jul 08 00:00:00 IST 1985
student-296,73,26,13,25,37.3297,Wed Aug 05 00:00:00 IST 1998
student-266,45,25,29,37,37.05722,Fri Apr 10 00:00:00 IST 1970
student-929,59,27,45,5,37.05722,Wed Feb 09 00:00:00 IST 1977
student-720,25,7,16,88,37.05722,Tue Apr 03 00:00:00 IST 2007
student-614,36,32,5,62,36.78474,Sun Mar 08 00:00:00 IST 1964
student-838,38,47,15,35,36.78474,Wed Sep 05 00:00:00 IST 1979
student-774,35,29,0,71,36.78474,Fri Aug 05 00:00:00 IST 2005
student-366,26,1,71,36,36.51226,Tue Nov 09 00:00:00 IST 1976
student-907,27,25,67,15,36.51226,Mon Jan 12 00:00:00 IST 1987
student-767,86,20,25,3,36.51226,Wed Jun 08 00:00:00 IST 1988
student-734,1,41,45,47,36.51226,Wed Nov 08 00:00:00 IST 2006
student-405,45,21,50,18,36.51226,Wed Nov 07 00:00:00 IST 2007
student-481,1,10,33,89,36.23978,Wed Feb 09 00:00:00 IST 1977
student-977,37,58,25,13,36.23978,Sun Mar 02 00:00:00 IST 2003
student-795,5,5,40,83,36.23978,Sun May 10 00:00:00 IST 2009
student-127,32,79,3,18,35.9673,Sun Oct 01 00:00:00 IST 1961
student-969,25,49,38,20,35.9673,Sun Oct 03 00:00:00 IST 1971
student-145,21,17,11,83,35.9673,Tue Aug 05 00:00:00 IST 1986
student-487,1,49,35,47,35.9673,Fri Feb 01 00:00:00 IST 1991
student-639,27,30,48,27,35.9673,Sat Mar 03 00:00:00 IST 2007
student-719,70,6,35,20,35.694824,Mon Apr 04 00:00:00 IST 1966
student-23,10,15,80,26,35.694824,Mon May 04 00:00:00 IST 1970
student-225,35,86,4,6,35.694824,Fri Aug 09 00:00:00 IST 1985
student-862,4,65,59,3,35.694824,Mon Feb 12 00:00:00 IST 1990
student-995,12,15,86,18,35.694824,Wed Feb 12 00:00:00 IST 2003
student-154,40,12,3,75,35.422344,Fri Sep 06 00:00:00 IST 1968
student-468,52,21,40,17,35.422344,Fri Feb 09 00:00:00 IST 1973
student-992,12,10,59,49,35.422344,Fri Jun 11 00:00:00 IST 1982
student-272,8,29,44,49,35.422344,Fri Oct 11 00:00:00 IST 1996
student-518,52,3,53,21,35.149864,Sun Jun 10 00:00:00 IST 1979
student-975,49,34,26,20,35.149864,Fri Dec 08 00:00:00 IST 2006
student-308,24,95,9,0,34.877384,Tue Nov 03 00:00:00 IST 1992
student-680,11,3,61,52,34.604904,Mon May 06 00:00:00 IST 1968
student-275,26,12,56,33,34.604904,Thu Jul 01 00:00:00 IST 1976
student-854,10,71,19,25,34.059944,Tue Jun 08 00:00:00 IST 1976
student-510,39,19,48,19,34.059944,Wed Nov 02 00:00:00 IST 1977
student-477,60,41,4,20,34.059944,Wed Oct 01 00:00:00 IST 1980
student-976,67,14,31,12,33.787464,Mon Sep 09 00:00:00 IST 1963
student-422,4,46,27,47,33.787464,Mon May 01 00:00:00 IST 1972
student-871,6,23,16,79,33.787464,Sun Sep 12 00:00:00 IST 1976
student-361,3,19,92,10,33.787464,Mon Oct 01 00:00:00 IST 1984
student-940,38,34,17,35,33.787464,Tue Jul 07 00:00:00 IST 1987
student-35,14,49,26,35,33.787464,Fri Jul 06 00:00:00 IST 1990
student-529,14,8,38,63,33.514984,Thu Jun 02 00:00:00 IST 1988
student-291,28,52,41,2,33.514984,Tue Oct 12 00:00:00 IST 1993
student-514,45,6,72,0,33.514984,Mon Feb 04 00:00:00 IST 2008
student-584,1,11,74,37,33.514984,Wed Sep 01 00:00:00 IST 2010
student-869,69,3,20,30,33.242504,Sat Apr 02 00:00:00 IST 1988
student-283,24,64,12,22,33.242504,Mon May 02 00:00:00 IST 2005
student-278,68,5,5,43,32.970028,Wed Oct 11 00:00:00 IST 1989
student-888,42,13,23,43,32.970028,Wed Feb 06 00:00:00 IST 2002
student-779,31,15,73,2,32.970028,Sat Jan 11 00:00:00 IST 2003
student-519,47,49,19,6,32.970028,Wed Apr 11 00:00:00 IST 2007
student-385,32,2,42,44,32.697548,Thu Nov 05 00:00:00 IST 1970
student-565,2,21,67,30,32.697548,Tue Mar 01 00:00:00 IST 1988
student-736,27,3,1,89,32.697548,Fri Jun 03 00:00:00 IST 1988
student-104,29,8,82,0,32.425068,Sat Jul 08 00:00:00 IST 2006
student-476,39,9,26,43,31.880108,Fri Sep 04 00:00:00 IST 1987
student-613,26,65,26,0,31.880108,Sat Nov 05 00:00:00 IST 1994
student-947,34,34,31,17,31.607632,Sat Jan 05 00:00:00 IST 1963
student-105,15,16,24,61,31.607632,Wed May 06 00:00:00 IST 1981
student-221,78,31,5,1,31.335152,Sat Jan 05 00:00:00 IST 1974
student-353,5,46,11,53,31.335152,Wed Mar 03 00:00:00 IST 1982
student-857,54,53,2,6,31.335152,Tue Nov 10 00:00:00 IST 1992
student-850,38,25,52,0,31.335152,Sun Jun 11 00:00:00 IST 2006
student-560,22,26,53,13,31.062672,Fri Oct 05 00:00:00 IST 1973
student-68,68,29,2,14,30.790192,Tue Jun 05 00:00:00 IST 1979
student-551,49,4,59,1,30.790192,Tue Aug 12 00:00:00 IST 1986
student-687,31,7,39,36,30.790192,Sun Jul 06 00:00:00 IST 2003
student-665,70,16,19,8,30.790192,Thu Sep 07 00:00:00 IST 2006
student-309,18,2,9,82,30.245232,Mon Apr 05 00:00:00 IST 1965
student-77,21,1,24,65,30.245232,Sun Oct 02 00:00:00 IST 1994
student-48,73,17,19,1,29.972754,Mon May 03 00:00:00 IST 1971
student-412,3,50,3,54,29.972754,Sat Nov 04 00:00:00 IST 1972
student-949,36,3,54,16,29.700274,Sun Jan 02 00:00:00 IST 1966
student-203,39,36,15,19,29.700274,Fri May 02 00:00:00 IST 1969
student-167,53,23,32,1,29.700274,Thu Oct 11 00:00:00 IST 1984
student-607,58,21,9,20,29.427794,Fri May 10 00:00:00 IST 1985
student-998,64,0,8,36,29.427794,Thu Apr 04 00:00:00 IST 2002
student-469,19,5,19,64,29.155313,Tue Jul 11 00:00:00 IST 2000
student-578,21,7,60,19,29.155313,Wed Dec 11 00:00:00 IST 2002
student-717,21,4,43,38,28.882833,Sun Apr 04 00:00:00 IST 1965
student-486,60,4,4,38,28.882833,Wed Jan 10 00:00:00 IST 1990
student-909,71,27,0,7,28.610355,Sun Oct 03 00:00:00 IST 1965
student-830,15,57,4,29,28.610355,Tue Jun 08 00:00:00 IST 1999
student-358,20,36,39,9,28.337875,Sun Apr 03 00:00:00 IST 1960
student-856,32,10,59,3,28.337875,Sun Jan 07 00:00:00 IST 1968
student-855,15,0,36,53,28.337875,Wed Jun 12 00:00:00 IST 1974
student-180,20,40,17,27,28.337875,Sun Feb 04 00:00:00 IST 1979
student-521,70,14,20,0,28.337875,Tue Feb 11 00:00:00 IST 1986
student-569,20,25,19,39,28.065395,Thu May 06 00:00:00 IST 1982
student-841,28,47,8,20,28.065395,Sun Oct 09 00:00:00 IST 1983
student-170,76,14,2,11,28.065395,Mon Apr 05 00:00:00 IST 2004
student-298,51,11,8,30,27.247957,Sun Feb 04 00:00:00 IST 1968
student-675,11,33,26,29,26.975477,Wed Apr 12 00:00:00 IST 2006
student-37,21,10,47,21,26.975477,Thu Dec 11 00:00:00 IST 2008
student-834,41,0,28,29,26.702997,Sun Jun 03 00:00:00 IST 1973
student-254,46,36,2,14,26.702997,Tue Sep 11 00:00:00 IST 1984
student-810,11,49,22,16,26.702997,Fri Dec 10 00:00:00 IST 2004
student-738,6,24,39,29,26.702997,Tue Jan 10 00:00:00 IST 2006
student-863,4,15,39,39,26.430517,Wed Nov 02 00:00:00 IST 1977
student-737,1,49,25,22,26.430517,Fri May 02 00:00:00 IST 1986
student-313,35,10,13,38,26.158037,Sat Dec 01 00:00:00 IST 1979
student-312,11,4,50,30,25.88556,Mon Jan 05 00:00:00 IST 1981
student-235,21,35,37,1,25.61308,Thu Mar 02 00:00:00 IST 1972
student-711,8,29,2,55,25.61308,Thu Sep 07 00:00:00 IST 1989
student-685,23,24,18,29,25.61308,Sun Jan 10 00:00:00 IST 2010
student-527,31,35,0,27,25.3406,Thu Nov 02 00:00:00 IST 1961
student-763,9,38,28,17,25.06812,Wed Feb 07 00:00:00 IST 1990
student-633,15,26,42,9,25.06812,Thu Aug 05 00:00:00 IST 1999
student-129,49,3,6,32,24.52316,Sat Mar 06 00:00:00 IST 1971
student-270,8,53,25,4,24.52316,Wed Jul 05 00:00:00 IST 1978
student-899,1,65,24,0,24.52316,Mon May 07 00:00:00 IST 1984
student-128,10,1,44,34,24.25068,Sun Mar 07 00:00:00 IST 1993
student-116,3,18,40,27,23.978203,Fri Jan 11 00:00:00 IST 1985
student-503,31,41,1,15,23.978203,Sun Feb 08 00:00:00 IST 1987
student-546,16,6,36,29,23.705723,Sat Jun 02 00:00:00 IST 1990
student-399,55,8,14,9,23.433243,Thu Sep 08 00:00:00 IST 1966
student-587,26,39,2,19,23.433243,Mon Feb 04 00:00:00 IST 2002
student-202,42,9,18,16,23.160763,Tue Oct 01 00:00:00 IST 1996
student-918,9,11,56,8,22.888283,Wed Aug 01 00:00:00 IST 1962
student-689,18,15,18,33,22.888283,Tue Aug 03 00:00:00 IST 1976
student-894,20,36,23,4,22.615805,Thu Jun 01 00:00:00 IST 1978
student-478,5,38,1,39,22.615805,Wed Aug 12 00:00:00 IST 2009
student-880,4,35,40,3,22.343325,Wed Jan 06 00:00:00 IST 1982
student-568,1,50,9,22,22.343325,Sat Jul 06 00:00:00 IST 1991
student-666,55,3,15,7,21.798365,Tue Nov 04 00:00:00 IST 1969
student-11,45,29,3,2,21.525885,Mon Feb 11 00:00:00 IST 1985
student-164,34,7,27,10,21.253405,Fri Aug 04 00:00:00 IST 1989
student-537,0,14,57,4,20.435968,Tue Jan 12 00:00:00 IST 1971
student-754,52,7,5,11,20.435968,Tue Sep 04 00:00:00 IST 1973
student-808,22,17,10,26,20.435968,Sat Jun 03 00:00:00 IST 1995
student-571,41,11,10,12,20.163488,Thu Jul 03 00:00:00 IST 1969
student-274,33,2,8,30,19.891008,Fri Sep 02 00:00:00 IST 1983
student-709,27,31,4,8,19.07357,Sun Mar 04 00:00:00 IST 1962
student-217,11,16,27,16,19.07357,Thu Jan 01 00:00:00 IST 1970
student-31,38,8,19,5,19.07357,Sat Feb 10 00:00:00 IST 1996
student-644,18,2,36,13,18.80109,Mon Oct 01 00:00:00 IST 2001
student-953,1,39,22,7,18.80109,Sun Mar 01 00:00:00 IST 2009
student-162,24,1,32,11,18.52861,Mon Feb 03 00:00:00 IST 1986
student-260,2,33,19,10,17.438692,Thu Oct 06 00:00:00 IST 1966
student-548,21,25,6,10,16.893732,Thu Feb 11 00:00:00 IST 1971
student-740,0,46,13,1,16.348774,Tue Apr 06 00:00:00 IST 1982
student-731,1,11,15,33,16.348774,Tue Feb 04 00:00:00 IST 1992
student-801,22,28,4,5,16.076294,Thu Dec 01 00:00:00 IST 1966
student-879,16,16,3,11,12.53406,Thu Dec 08 00:00:00 IST 1977
student-515,4,25,16,1,12.53406,Fri Feb 09 00:00:00 IST 2007
student-927,14,5,25,0,11.989101,Mon Jul 06 00:00:00 IST 1970
student-287,1,10,11,4,7.084469,Mon Jul 10 00:00:00 IST 1978
